{"modelName":"ModelZombie","authorName":"Either Mojang or a mod author","projVersion":2,"textureWidth":64,"textureHeight":64,"scale":[1.0,1.0,1.0],"cubeGroups":[],"cubes":[{"name":"bipedLeftLeg","dimensions":[4,12,4],"position":[1.899999976158142,12.0,0.10000000149011612],"offset":[-2.0,0.0,-2.0],"rotation":[-0.0,0.0,0.0],"scale":[1.0,1.0,1.0],"txOffset":[0,16],"txMirror":true,"mcScale":0.0,"opacity":100.0,"hidden":false,"children":[],"identifier":"5CFDh3b[`8V^cgu5\u003dcr/"},{"name":"bipedEars","dimensions":[6,6,1],"position":[0.0,0.0,0.0],"offset":[-3.0,-6.0,-1.0],"rotation":[0.0,0.0,0.0],"scale":[1.0,1.0,1.0],"txOffset":[24,0],"txMirror":false,"mcScale":0.0,"opacity":100.0,"hidden":false,"children":[],"identifier":"f(yw jpsf],O[aT]M6$l"},{"name":"bipedRightLeg","dimensions":[4,12,4],"position":[-1.899999976158142,12.0,0.10000000149011612],"offset":[-2.0,0.0,-2.0],"rotation":[0.0,0.0,0.0],"scale":[1.0,1.0,1.0],"txOffset":[0,16],"txMirror":false,"mcScale":0.0,"opacity":100.0,"hidden":false,"children":[],"identifier":"F;CI#d.\u0026;puipVBy_,w("},{"name":"bipedLeftArm","dimensions":[4,12,4],"position":[5.0,2.0,0.0],"offset":[-1.0,-2.0,-2.0],"rotation":[-90.00000250447815,5.729578036685597,-5.729578036687416],"scale":[1.0,1.0,1.0],"txOffset":[40,16],"txMirror":true,"mcScale":0.0,"opacity":100.0,"hidden":false,"children":[],"identifier":"_w/R\u003c1f?/l+T};xN7q#i"},{"name":"bipedRightArm","dimensions":[4,12,4],"position":[-5.0,2.0,0.0],"offset":[-3.0,-2.0,-2.0],"rotation":[-90.00000250447971,-5.7295780366856,5.729578036684945],"scale":[1.0,1.0,1.0],"txOffset":[40,16],"txMirror":false,"mcScale":0.0,"opacity":100.0,"hidden":false,"children":[],"identifier":"ii\u0027_c kdp\u003e}OBMKjd6#M"},{"name":"bipedBody","dimensions":[8,12,4],"position":[0.0,0.0,0.0],"offset":[-4.0,0.0,-2.0],"rotation":[0.0,0.0,0.0],"scale":[1.0,1.0,1.0],"txOffset":[16,16],"txMirror":false,"mcScale":0.0,"opacity":100.0,"hidden":false,"children":[],"identifier":"p\u003d|+Er?U)Wxq\u0027lxIVGrA"},{"name":"bipedHead","dimensions":[8,8,8],"position":[0.0,0.0,0.0],"offset":[-4.0,-8.0,-4.0],"rotation":[0.0,0.0,0.0],"scale":[1.0,1.0,1.0],"txOffset":[0,0],"txMirror":false,"mcScale":0.0,"opacity":100.0,"hidden":false,"children":[],"identifier":"s)zia_J@/W8(veJR;4]@"}],"anims":[{"name":"Wave","identifier":"A4|q!Gf/$\u003e3cI% v\u003c3Q\\","loops":true,"sets":{"_w/R\u003c1f?/l+T};xN7q#i":[{"posChange":[0.0,0.0,0.0],"rotChange":[1.2522390804292627E-5,0.0021098165720179196,2.997890183427982],"scaleChange":[0.0,0.0,0.0],"opacityChange":0.0,"posOffset":[0.0,0.0,0.0],"rotOffset":[2.0035825286868203E-5,0.0033757065152286714,-0.0033757065152286714],"scaleOffset":[0.0,0.0,0.0],"opacityOffset":0.0,"progressionCoords":[[0.296,0.488]],"name":"Idle1","length":20,"startKey":0,"hidden":false,"identifier":"3%Q\u003d$~TR!p1?\u003c75GiQ:z"},{"posChange":[0.0,0.0,0.0],"rotChange":[1.0268360459519954E-4,0.01730049589054694,-3.017300495890547],"scaleChange":[0.0,0.0,0.0],"opacityChange":0.0,"posOffset":[0.0,0.0,0.0],"rotOffset":[5.008956321717051E-6,8.439266288071678E-4,-8.439266288071678E-4],"scaleOffset":[0.0,0.0,0.0],"opacityOffset":0.0,"name":"Idle2","length":20,"startKey":20,"hidden":false,"identifier":"5\u0026\"92ONMnS|x(-Ijx\u0027Zy"},{"posChange":[0.0,0.0,0.0],"rotChange":[4.508060689545346E-5,0.007595339659264511,2.9924046603407364],"scaleChange":[0.0,0.0,0.0],"opacityChange":0.0,"posOffset":[0.0,0.0,0.0],"rotOffset":[0.0,0.0,0.0],"scaleOffset":[0.0,0.0,0.0],"opacityOffset":0.0,"name":"Idle3","length":20,"startKey":40,"hidden":false,"identifier":"i/Wy49\u003eQ1`l5w(3s8d9b"},{"posChange":[0.0,0.0,0.0],"rotChange":[7.513434482575576E-6,0.0012658899432107518,-3.0012658899432108],"scaleChange":[0.0,0.0,0.0],"opacityChange":0.0,"posOffset":[0.0,0.0,0.0],"rotOffset":[0.0,0.0,0.0],"scaleOffset":[0.0,0.0,0.0],"opacityOffset":0.0,"name":"Idle4","length":20,"startKey":60,"hidden":false,"identifier":"n4N}xV*xIlq3)Bw`i)ud"},{"posChange":[0.0,0.0,0.0],"rotChange":[1.2522390804292627E-5,0.0021098165720179196,2.997890183427982],"scaleChange":[0.0,0.0,0.0],"opacityChange":0.0,"posOffset":[0.0,0.0,0.0],"rotOffset":[0.0,0.0,0.0],"scaleOffset":[0.0,0.0,0.0],"opacityOffset":0.0,"name":"Idle5","length":20,"startKey":80,"hidden":false,"identifier":"Y6RSN0ur9}SS\u0027-(CeEtm"},{"posChange":[0.0,0.0,0.0],"rotChange":[7.513434482575576E-6,0.0012658899432107518,-3.0012658899432108],"scaleChange":[0.0,0.0,0.0],"opacityChange":0.0,"posOffset":[0.0,0.0,0.0],"rotOffset":[0.0,0.0,0.0],"scaleOffset":[0.0,0.0,0.0],"opacityOffset":0.0,"name":"Idle6","length":20,"startKey":100,"hidden":false,"identifier":"47?r|@vZ4rro\u003cK{Ale5u"},{"posChange":[0.0,0.0,0.0],"rotChange":[7.513434482575576E-6,0.0012658899432107518,2.9987341100567892],"scaleChange":[0.0,0.0,0.0],"opacityChange":0.0,"posOffset":[0.0,0.0,0.0],"rotOffset":[0.0,0.0,0.0],"scaleOffset":[0.0,0.0,0.0],"opacityOffset":0.0,"name":"Idle7","length":20,"startKey":120,"hidden":false,"identifier":" cRwDnRFj;PKRK2ktE~*"},{"posChange":[0.0,0.0,0.0],"rotChange":[7.513434482575576E-6,0.0012658899432107518,-3.0012658899432108],"scaleChange":[0.0,0.0,0.0],"opacityChange":0.0,"posOffset":[0.0,0.0,0.0],"rotOffset":[0.0,0.0,0.0],"scaleOffset":[0.0,0.0,0.0],"opacityOffset":0.0,"name":"Idle8","length":20,"startKey":140,"hidden":false,"identifier":"I!g,GcE[5N\u003dn1FP\u003e)!4;"}],"ii\u0027_c kdp\u003e}OBMKjd6#M":[{"posChange":[0.0,0.0,0.0],"rotChange":[-86.99973702979209,0.9556938519876237,-20.955693851987625],"scaleChange":[0.0,0.0,0.0],"opacityChange":0.0,"posOffset":[0.0,0.0,0.0],"rotOffset":[0.0,0.0,0.0],"scaleOffset":[0.0,0.0,0.0],"opacityOffset":0.0,"progressionCoords":[[0.332,0.656],[0.696,0.872]],"name":"Hand Up","length":15,"startKey":14,"hidden":false,"identifier":"Xk|qy}6e\u0026Om4\".!~m Ii"},{"posChange":[0.0,0.0,0.0],"rotChange":[7.51343452520814E-5,-0.012658899432107518,-19.987341100567942],"scaleChange":[0.0,0.0,0.0],"opacityChange":0.0,"posOffset":[0.0,0.0,0.0],"rotOffset":[1.3524182145374652E-4,-0.022786018977793532,0.02278601897772603],"scaleOffset":[0.0,0.0,0.0],"opacityOffset":0.0,"progressionCoords":[[0.832,0.992],[0.26,0.68]],"name":"Hand Adduct","length":25,"startKey":26,"hidden":false,"identifier":"?uSf@A|/A-qc5iV4;v`C"},{"posChange":[0.0,0.0,0.0],"rotChange":[9.517017065263644E-5,-0.01603460594733619,31.01603460594727],"scaleChange":[0.0,0.0,0.0],"opacityChange":0.0,"posOffset":[0.0,0.0,0.0],"rotOffset":[0.0,0.0,0.0],"scaleOffset":[0.0,0.0,0.0],"opacityOffset":0.0,"progressionCoords":[[0.212,0.396]],"name":"Hand Abduct","length":22,"startKey":41,"hidden":false,"identifier":"Ds#Of\u0026!:Ef\u00262]-qFTVnC"},{"posChange":[0.0,0.0,0.0],"rotChange":[9.266569247756706E-5,-0.015612642632932605,-34.98438735736713],"scaleChange":[0.0,0.0,0.0],"opacityChange":0.0,"posOffset":[0.0,0.0,0.0],"rotOffset":[0.0,0.0,0.0],"scaleOffset":[0.0,0.0,0.0],"opacityOffset":0.0,"progressionCoords":[[0.316,0.524]],"name":"Adduct2","length":18,"startKey":57,"hidden":false,"identifier":"yC]c;\u0027J!qD@$0!1SrYxp"},{"posChange":[0.0,0.0,0.0],"rotChange":[7.763882342715078E-5,-0.013080862746511102,36.013080862746456],"scaleChange":[0.0,0.0,0.0],"opacityChange":0.0,"posOffset":[0.0,0.0,0.0],"rotOffset":[0.0,0.0,0.0],"scaleOffset":[0.0,0.0,0.0],"opacityOffset":0.0,"progressionCoords":[[0.452,0.68]],"name":"Abduct2","length":24,"startKey":71,"hidden":false,"identifier":"w5?Z\u0026p)of QQVGO8u7SX"},{"posChange":[0.0,0.0,0.0],"rotChange":[1.3023286510360776E-4,-0.021942092348986364,-32.978057907651106],"scaleChange":[0.0,0.0,0.0],"opacityChange":0.0,"posOffset":[0.0,0.0,0.0],"rotOffset":[0.0,0.0,0.0],"scaleOffset":[0.0,0.0,0.0],"opacityOffset":0.0,"progressionCoords":[[0.432,0.704]],"name":"Adduct3","length":25,"startKey":88,"hidden":false,"identifier":"+7_mxFVD4\\aU$aUo{XmW"},{"posChange":[0.0,0.0,0.0],"rotChange":[86.99913345055302,-0.8540006932163546,41.85400069321733],"scaleChange":[0.0,0.0,0.0],"opacityChange":0.0,"posOffset":[0.0,0.0,0.0],"rotOffset":[0.0,0.0,0.0],"scaleOffset":[0.0,0.0,0.0],"opacityOffset":0.0,"progressionCoords":[[0.232,0.428],[0.456,0.684]],"name":"Reposition","length":18,"startKey":107,"hidden":false,"identifier":"5G1I0 ySeFbdd_:\u003e;H\u0026I"}],"s)zia_J@/W8(veJR;4]@":[{"posChange":[0.0,0.0,0.0],"rotChange":[0.0,0.0,4.0],"scaleChange":[0.0,0.0,0.0],"opacityChange":0.0,"posOffset":[0.0,0.0,0.0],"rotOffset":[0.0,0.0,0.0],"scaleOffset":[0.0,0.0,0.0],"opacityOffset":0.0,"progressionCoords":[[0.84,0.984],[0.264,0.696]],"name":"HeadTilt","length":10,"startKey":0,"hidden":false,"identifier":"G#amh+@z0\u003dN)nZ)5[P|\u003e"},{"posChange":[0.0,0.0,0.0],"rotChange":[0.0,0.0,-4.0],"scaleChange":[0.0,0.0,0.0],"opacityChange":0.0,"posOffset":[0.0,0.0,0.0],"rotOffset":[0.0,0.0,0.0],"scaleOffset":[0.0,0.0,0.0],"opacityOffset":0.0,"name":"Head Reset","length":7,"startKey":19,"hidden":false,"identifier":"7Et+7@!h^^XUFs7Jx^Lf"}]}},{"name":"Head Bop","identifier":"6j\"nuZSNJ)FZqg9\u0026^?DW","loops":true,"sets":{"s)zia_J@/W8(veJR;4]@":[{"posChange":[0.0,-16.0,0.0],"rotChange":[0.0,0.0,0.0],"scaleChange":[0.0,0.0,0.0],"opacityChange":0.0,"posOffset":[0.0,0.0,0.0],"rotOffset":[0.0,0.0,0.0],"scaleOffset":[0.0,0.0,0.0],"opacityOffset":0.0,"progressionCoords":[[0.348,0.72],[0.764,0.988]],"name":"Whatever","length":20,"startKey":0,"hidden":false,"identifier":"|{W1!}L]0?GfPEhIayB@"},{"posChange":[0.0,16.0,0.0],"rotChange":[0.0,0.0,0.0],"scaleChange":[0.0,0.0,0.0],"opacityChange":0.0,"posOffset":[0.0,0.0,0.0],"rotOffset":[0.0,0.0,0.0],"scaleOffset":[0.0,0.0,0.0],"opacityOffset":0.0,"progressionCoords":[[0.736,1.0],[0.212,0.66],[0.416,0.908]],"name":"ad","length":30,"startKey":30,"hidden":false,"identifier":"z636[!ubQL?BUIH.(GN}"}]}}],"cubeCount":8}